<?xml version="1.0" encoding="utf-8"?>
<root>
    <imports>
        <import />
    </imports>
    <!--
    category类型：Common, User, UserAsset, UserInteraction, Lbs, MoniStore，注意大小写
    -->
    <types category="Common" moduleName="Currency">
        <enum name="CurrencyType">
            <eitem name="MTicket" value="1" />
            <eitem name="ExchangeTicket" value="2" />
        </enum>
        <struct name="Currency">
            <item name="Type" type="CurrencyType" attribute="required" />
            <item name="Amount" type="long" attribute="required" />
        </struct>
    </types>
</root>