<?xml version="1.0" encoding="utf-8"?>
<root>
    <imports>
        <import />
    </imports>
    <!--
    category类型：Common, User, UserAsset, UserInteraction, Lbs, MoniStore，注意大小写
    -->
    <types category="Common" moduleName="Resource">
        <struct name="ResourceBasicInfo">
            <item name="ResourceID" type="string" attribute="required" />
            <item name="ResourceFileSize" type="int" attribute="required" />
        </struct>
        <struct name="ResourceIds">
            <item name="clientResourceId" type="string" attribute="required" />
            <item name="serverResourceId" type="string" attribute="required" />
        </struct>
        <enum />
    </types>
</root>